time,,interface,state,bytes_in,bytes_out,rx_dupe,rx_ooo,re-tx,rtt_avg,rcvsize,tx_win,tc_class,tc_mgt,cc_algo,P,C,R,W,arch,
time,,interface,state,bytes_in,bytes_out,rx_dupe,rx_ooo,re-tx,rtt_avg,rcvsize,tx_win,tc_class,tc_mgt,cc_algo,P,C,R,W,arch,
time,,interface,state,bytes_in,bytes_out,rx_dupe,rx_ooo,re-tx,rtt_avg,rcvsize,tx_win,tc_class,tc_mgt,cc_algo,P,C,R,W,arch,
time,,interface,state,bytes_in,bytes_out,rx_dupe,rx_ooo,re-tx,rtt_avg,rcvsize,tx_win,tc_class,tc_mgt,cc_algo,P,C,R,W,arch,
time,,interface,state,bytes_in,bytes_out,rx_dupe,rx_ooo,re-tx,rtt_avg,rcvsize,tx_win,tc_class,tc_mgt,cc_algo,P,C,R,W,arch,
time,,interface,state,bytes_in,bytes_out,rx_dupe,rx_ooo,re-tx,rtt_avg,rcvsize,tx_win,tc_class,tc_mgt,cc_algo,P,C,R,W,arch,
time,,interface,state,bytes_in,bytes_out,rx_dupe,rx_ooo,re-tx,rtt_avg,rcvsize,tx_win,tc_class,tc_mgt,cc_algo,P,C,R,W,arch,
time,,interface,state,bytes_in,bytes_out,rx_dupe,rx_ooo,re-tx,rtt_avg,rcvsize,tx_win,tc_class,tc_mgt,cc_algo,P,C,R,W,arch,
time,,interface,state,bytes_in,bytes_out,rx_dupe,rx_ooo,re-tx,rtt_avg,rcvsize,tx_win,tc_class,tc_mgt,cc_algo,P,C,R,W,arch,
time,,interface,state,bytes_in,bytes_out,rx_dupe,rx_ooo,re-tx,rtt_avg,rcvsize,tx_win,tc_class,tc_mgt,cc_algo,P,C,R,W,arch,
time,,interface,state,bytes_in,bytes_out,rx_dupe,rx_ooo,re-tx,rtt_avg,rcvsize,tx_win,tc_class,tc_mgt,cc_algo,P,C,R,W,arch,
time,,interface,state,bytes_in,bytes_out,rx_dupe,rx_ooo,re-tx,rtt_avg,rcvsize,tx_win,tc_class,tc_mgt,cc_algo,P,C,R,W,arch,
time,,interface,state,bytes_in,bytes_out,rx_dupe,rx_ooo,re-tx,rtt_avg,rcvsize,tx_win,tc_class,tc_mgt,cc_algo,P,C,R,W,arch,
time,,interface,state,bytes_in,bytes_out,rx_dupe,rx_ooo,re-tx,rtt_avg,rcvsize,tx_win,tc_class,tc_mgt,cc_algo,P,C,R,W,arch,
time,,interface,state,bytes_in,bytes_out,rx_dupe,rx_ooo,re-tx,rtt_avg,rcvsize,tx_win,tc_class,tc_mgt,cc_algo,P,C,R,W,arch,
time,,interface,state,bytes_in,bytes_out,rx_dupe,rx_ooo,re-tx,rtt_avg,rcvsize,tx_win,tc_class,tc_mgt,cc_algo,P,C,R,W,arch,
time,,interface,state,bytes_in,bytes_out,rx_dupe,rx_ooo,re-tx,rtt_avg,rcvsize,tx_win,tc_class,tc_mgt,cc_algo,P,C,R,W,arch,
time,,interface,state,bytes_in,bytes_out,rx_dupe,rx_ooo,re-tx,rtt_avg,rcvsize,tx_win,tc_class,tc_mgt,cc_algo,P,C,R,W,arch,
time,,interface,state,bytes_in,bytes_out,rx_dupe,rx_ooo,re-tx,rtt_avg,rcvsize,tx_win,tc_class,tc_mgt,cc_algo,P,C,R,W,arch,
time,,interface,state,bytes_in,bytes_out,rx_dupe,rx_ooo,re-tx,rtt_avg,rcvsize,tx_win,tc_class,tc_mgt,cc_algo,P,C,R,W,arch,
time,,interface,state,bytes_in,bytes_out,rx_dupe,rx_ooo,re-tx,rtt_avg,rcvsize,tx_win,tc_class,tc_mgt,cc_algo,P,C,R,W,arch,
time,,interface,state,bytes_in,bytes_out,rx_dupe,rx_ooo,re-tx,rtt_avg,rcvsize,tx_win,tc_class,tc_mgt,cc_algo,P,C,R,W,arch,
time,,interface,state,bytes_in,bytes_out,rx_dupe,rx_ooo,re-tx,rtt_avg,rcvsize,tx_win,tc_class,tc_mgt,cc_algo,P,C,R,W,arch,
time,,interface,state,bytes_in,bytes_out,rx_dupe,rx_ooo,re-tx,rtt_avg,rcvsize,tx_win,tc_class,tc_mgt,cc_algo,P,C,R,W,arch,
time,,interface,state,bytes_in,bytes_out,rx_dupe,rx_ooo,re-tx,rtt_avg,rcvsize,tx_win,tc_class,tc_mgt,cc_algo,P,C,R,W,arch,
time,,interface,state,bytes_in,bytes_out,rx_dupe,rx_ooo,re-tx,rtt_avg,rcvsize,tx_win,tc_class,tc_mgt,cc_algo,P,C,R,W,arch,
time,,interface,state,bytes_in,bytes_out,rx_dupe,rx_ooo,re-tx,rtt_avg,rcvsize,tx_win,tc_class,tc_mgt,cc_algo,P,C,R,W,arch,
time,,interface,state,bytes_in,bytes_out,rx_dupe,rx_ooo,re-tx,rtt_avg,rcvsize,tx_win,tc_class,tc_mgt,cc_algo,P,C,R,W,arch,
time,,interface,state,bytes_in,bytes_out,rx_dupe,rx_ooo,re-tx,rtt_avg,rcvsize,tx_win,tc_class,tc_mgt,cc_algo,P,C,R,W,arch,
time,,interface,state,bytes_in,bytes_out,rx_dupe,rx_ooo,re-tx,rtt_avg,rcvsize,tx_win,tc_class,tc_mgt,cc_algo,P,C,R,W,arch,
time,,interface,state,bytes_in,bytes_out,rx_dupe,rx_ooo,re-tx,rtt_avg,rcvsize,tx_win,tc_class,tc_mgt,cc_algo,P,C,R,W,arch,
time,,interface,state,bytes_in,bytes_out,rx_dupe,rx_ooo,re-tx,rtt_avg,rcvsize,tx_win,tc_class,tc_mgt,cc_algo,P,C,R,W,arch,
time,,interface,state,bytes_in,bytes_out,rx_dupe,rx_ooo,re-tx,rtt_avg,rcvsize,tx_win,tc_class,tc_mgt,cc_algo,P,C,R,W,arch,
time,,interface,state,bytes_in,bytes_